{"cameraMode":{"drawMode":0,"name":"Shaded","section":"Shading Mode"},"sceneLighting":true,"audioPlay":false,"sceneViewState":{"showFog":true,"showMaterialUpdate":false,"showSkybox":true,"showFlares":true,"showImageEffects":true,"showParticleSystems":true},"in2DMode":false,"pivot":{"x":2.0262506008148195,"y":0.5445674657821655,"z":1.622763991355896},"rotation":{"x":-0.18464337289333344,"y":0.7764444947242737,"z":-0.26492080092430117,"w":-0.541170597076416},"size":2.8489890098571779,"orthographic":false}